City,Lat,Lng,Max Temp,Humidity,Cloudiness,Wind Speed,Country,Date
Hithadhoo,-0.6,73.08,82.35,77,88,12.95,MV,1599524962
Constitución,-35.33,-72.42,50.09,83,87,5.91,CL,1599524962
Martaban,16.53,97.61,78.13,93,100,4.85,MM,1599524962
Yellowknife,62.46,-114.35,50.0,81,75,16.11,CA,1599524775
Baruun-Urt,46.68,113.28,57.07,70,1,9.48,MN,1599524963
Qaanaaq,77.48,-69.36,21.78,80,50,8.28,GL,1599524963
Avarua,-21.21,-159.78,77.0,47,33,13.87,CK,1599524779
Tubualá,9.52,-79.03,78.01,94,75,6.93,PA,1599524964
Kaitangata,-46.28,169.85,57.0,58,36,5.01,NZ,1599524964
Vaini,-21.2,-175.2,75.2,73,75,11.41,TO,1599524965
Khasan,42.43,130.64,67.39,87,99,20.36,RU,1599524965
Kapaa,22.08,-159.32,86.0,66,40,12.75,US,1599524966
Fukuechō,32.69,128.84,78.8,83,40,10.29,JP,1599524966
Al Bardīyah,31.76,25.09,73.45,71,0,5.64,LY,1599524966
Bluff,-46.6,168.33,52.38,67,9,9.64,NZ,1599524967
Sur,22.57,59.53,85.03,59,41,10.42,OM,1599524967
Vila Franca do Campo,37.72,-25.43,69.8,83,40,5.82,PT,1599524968
Cape Town,-33.93,18.42,53.6,93,0,3.36,ZA,1599524774
Talcahuano,-36.72,-73.12,50.0,81,75,6.93,CL,1599524968
Hermanus,-34.42,19.23,57.99,86,0,7.0,ZA,1599524969
Butaritari,3.07,172.79,82.4,74,31,5.88,KI,1599524969
Ancud,-41.87,-73.82,51.01,86,100,4.0,CL,1599524970
Punta Arenas,-53.15,-70.92,41.0,86,98,3.36,CL,1599524774
Uvira,-3.41,29.15,74.43,54,44,4.09,CD,1599524970
Robertsport,6.75,-11.37,76.77,88,100,11.41,LR,1599524971
Thompson,55.74,-97.86,44.6,65,75,9.17,CA,1599524825
Jasper,37.2,-94.35,87.01,55,1,13.87,US,1599524971
Weston,26.1,-80.4,82.0,83,1,5.82,US,1599524957
Albany,42.6,-73.97,73.0,57,27,5.23,US,1599524972
Pitimbu,-7.47,-34.81,71.6,88,0,4.7,BR,1599524972
Nicoya,10.15,-85.45,80.6,88,75,3.36,CR,1599524973
Pontian Kecil,1.48,103.39,78.01,100,20,5.35,MY,1599524973
Ribeira Grande,38.52,-28.7,70.45,78,11,18.59,PT,1599524974
Kruisfontein,-34.0,24.73,53.91,94,1,4.38,ZA,1599524974
Chapais,49.78,-74.85,51.8,66,20,16.11,CA,1599524974
Ayan,56.45,138.17,56.62,63,0,11.12,RU,1599524975
Carnarvon,-24.87,113.63,62.6,82,99,12.75,AU,1599524727
Chitipa,-9.7,33.27,55.15,92,46,5.84,MW,1599524976
Kafr Sawm,32.68,35.8,68.45,95,4,1.48,JO,1599524976
Tual,-5.67,132.75,80.6,84,80,21.79,ID,1599524976
New Norfolk,-42.78,147.06,66.99,57,100,5.01,AU,1599524977
Atuona,-9.8,-139.03,78.66,75,82,20.67,PF,1599524977
Aquiraz,-3.9,-38.39,78.8,83,40,9.17,BR,1599524978
São Filipe,14.9,-24.5,78.21,86,99,12.73,CV,1599524978
Plettenberg Bay,-34.05,23.37,60.48,71,0,5.64,ZA,1599524979
Tsogni,-2.79,10.1,73.35,86,57,5.97,GA,1599524979
Jamestown,42.1,-79.24,64.99,93,1,5.82,US,1599524979
Katsuura,35.13,140.3,87.01,89,40,17.22,JP,1599524879
Mahon,39.89,4.27,68.0,68,100,9.17,ES,1599524980
Kasongo-Lunda,-6.47,16.82,75.47,68,24,2.42,CD,1599524980
Port Hardy,50.7,-127.42,71.6,64,40,4.7,CA,1599524981
Kahului,20.89,-156.47,91.4,49,40,25.28,US,1599524703
Upernavik,72.79,-56.15,37.04,79,100,5.64,GL,1599524981
Nouadhibou,20.93,-17.03,82.4,69,100,2.24,MR,1599524982
Busselton,-33.65,115.33,55.0,77,55,10.45,AU,1599524774
Chokurdakh,70.63,147.92,40.91,76,93,8.5,RU,1599524982
Hilo,19.73,-155.09,87.8,55,1,12.75,US,1599524983
Hobart,-42.88,147.33,66.99,42,90,23.04,AU,1599524671
Bengkulu,-3.8,102.27,76.17,87,28,7.11,ID,1599524984
Ushuaia,-54.8,-68.3,42.8,70,40,6.93,AR,1599524984
Lata,40.16,-8.33,75.99,40,0,1.01,PT,1599524985
Mar del Plata,-38.0,-57.56,51.01,87,0,11.41,AR,1599524950
Río Tercero,-32.17,-64.11,53.01,69,53,1.01,AR,1599524985
Grand Gaube,-20.01,57.66,72.0,86,73,5.01,MU,1599524985
Lashio,22.93,97.75,69.8,100,100,0.25,MM,1599524986
Kavaratti,10.57,72.64,82.22,81,99,12.97,IN,1599524986
Rikitea,-23.12,-134.97,73.29,83,2,12.48,PF,1599524775
Strezhevoy,60.73,77.59,41.0,93,20,6.51,RU,1599524987
Aripuanã,-9.17,-60.63,82.76,22,58,1.48,BR,1599524987
Okato,-39.2,173.88,55.0,71,0,5.99,NZ,1599524988
Coyhaique,-45.58,-72.07,48.2,66,75,4.45,CL,1599524988
Vestmannaeyjar,63.44,-20.27,49.08,80,99,5.37,IS,1599524988
Burns Lake,54.23,-125.75,64.09,29,0,3.42,CA,1599524989
Nelson Bay,-32.72,152.15,71.01,52,4,9.17,AU,1599524989
Birjand,32.87,59.22,55.4,30,0,6.93,IR,1599524990
Khatanga,71.97,102.5,44.2,74,1,8.46,RU,1599524990
Kaseda-shirakame,31.42,130.32,75.2,88,40,2.24,JP,1599524991
Dinagat,9.96,125.59,84.09,69,15,4.5,PH,1599524991
Santa Leopoldina,-20.1,-40.53,77.0,83,40,10.29,BR,1599524991
Bredasdorp,-34.53,20.04,50.0,93,0,4.7,ZA,1599524480
Samaná,19.21,-69.34,84.2,79,40,11.41,DO,1599524992
Kamenka,51.32,42.77,59.54,34,90,8.66,RU,1599524993
Bambous Virieux,-20.34,57.76,72.0,100,20,4.7,MU,1599524993
Arcata,40.87,-124.08,66.0,77,1,8.05,US,1599524779
Constantine,36.37,6.61,64.4,93,75,3.36,DZ,1599524994
George Town,5.41,100.34,80.6,94,20,3.36,MY,1599524780
Kiama,-34.68,150.87,71.01,67,9,17.0,AU,1599524994
Chui,-33.7,-53.46,50.97,83,60,7.18,UY,1599524995
Mataura,-46.19,168.86,58.35,50,21,5.77,NZ,1599524776
Huarmey,-10.07,-78.15,61.0,81,9,9.57,PE,1599524995
Buraidah,26.33,43.98,84.2,21,0,7.87,SA,1599524707
Saint-Philippe,-21.36,55.77,66.2,93,75,5.82,RE,1599524996
Petropavlovsk-Kamchatskiy,53.05,158.65,66.2,68,20,13.42,RU,1599524715
Torbay,47.67,-52.73,57.99,81,5,11.41,CA,1599524996
Ixtapa,20.7,-105.2,84.2,79,90,8.05,MX,1599524930
Provideniya,64.38,-173.3,50.0,57,100,15.66,RU,1599524997
Ponta do Sol,32.67,-17.1,70.0,76,91,1.99,PT,1599524997
Mongo,12.18,18.69,74.23,88,91,6.69,TD,1599524998
Anadyr,64.75,177.48,50.0,64,20,6.71,RU,1599524998
Felanitx,39.47,3.15,62.6,93,20,2.24,ES,1599524998
Cururupu,-1.83,-44.87,75.79,88,52,4.21,BR,1599524999
Barrow,71.29,-156.79,37.4,86,90,17.22,US,1599524837
Margate,51.38,1.39,62.01,79,100,5.01,GB,1599524999
Diamantino,-14.41,-56.45,83.1,21,0,2.66,BR,1599525000
Waipawa,-41.41,175.52,55.99,66,0,18.34,NZ,1599525001
Paraná,-31.73,-60.52,61.0,60,0,1.99,AR,1599525001
Gbadolite,4.28,21.02,70.88,94,100,1.41,CD,1599525002
Tuktoyaktuk,69.45,-133.04,46.4,93,90,11.41,CA,1599525003
Puerto Ayora,-0.74,-90.35,68.0,90,54,5.99,EC,1599525004
Tiksi,71.69,128.87,47.03,66,91,12.26,RU,1599525005
Khilok,51.37,110.47,60.19,68,0,4.41,RU,1599525006
Saint Paul Harbor,57.79,-152.41,60.8,55,1,12.75,US,1599525007
Liliani,32.21,72.95,83.23,53,0,3.36,PK,1599525008
Richards Bay,-28.78,32.04,63.95,85,0,3.18,ZA,1599525008
Adrar,20.5,-10.07,93.22,25,22,9.1,MR,1599525009
Port Alfred,-33.59,26.89,61.99,84,2,11.16,ZA,1599525009
Ajdabiya,30.76,20.23,72.95,49,0,9.6,LY,1599525010
Port Elizabeth,-33.92,25.57,57.2,100,16,6.93,ZA,1599524849
Patos,-7.02,-37.28,74.41,56,28,21.72,BR,1599525011
Talnakh,69.49,88.4,46.4,100,0,6.71,RU,1599525011
Kamaishi,39.27,141.88,82.4,78,20,3.36,JP,1599525012
Asău,46.43,26.4,57.0,93,32,2.42,RO,1599525013
Issia,6.49,-6.59,71.89,99,92,4.32,CI,1599525014
Wawa,9.9,4.42,73.09,95,82,4.09,NG,1599525014
Santa Maria da Vitória,-13.39,-44.19,76.08,39,0,7.11,BR,1599525015
Port Blair,11.67,92.75,83.07,77,100,5.7,IN,1599525016
Pestovo,58.59,35.8,50.63,97,100,3.76,RU,1599525016
Porto Belo,-27.16,-48.55,66.0,88,75,3.36,BR,1599525017
Hasaki,35.73,140.83,90.0,74,75,11.41,JP,1599525018
Morón,-34.65,-58.62,55.99,84,0,5.99,AR,1599525018
San Gabriel,34.1,-118.11,88.0,54,90,8.05,US,1599524874
Puerto del Rosario,28.5,-13.86,75.2,78,41,2.24,ES,1599525019
Puerto Escondido,15.85,-97.07,82.4,65,40,8.08,MX,1599525019
Yangi Marg`ilon,40.43,71.72,57.2,50,0,6.93,UZ,1599525020
Nanortalik,60.14,-45.24,41.49,81,0,19.57,GL,1599525020
Zavetnoye,47.12,43.89,62.98,70,1,10.94,RU,1599525021
Half Moon Bay,37.46,-122.43,100.4,68,1,17.22,US,1599525021
Husavik,66.04,-17.34,42.8,75,90,11.41,IS,1599525022
Aden,12.78,45.04,85.33,80,48,12.91,YE,1599524839
Guerrero Negro,27.98,-114.06,80.33,64,0,17.18,MX,1599525022
East London,-33.02,27.91,63.77,82,0,7.29,ZA,1599525023
Egvekinot,66.32,-179.17,41.43,65,97,2.84,RU,1599525024
Pevek,69.7,170.31,41.77,79,4,5.41,RU,1599525024
Srednekolymsk,67.45,153.68,49.57,49,20,11.7,RU,1599525024
Clyde River,70.47,-68.59,35.6,93,90,2.24,CA,1599524759
Mbanza-Ngungu,-5.25,14.87,69.58,82,0,6.6,CD,1599525025
Natal,-5.79,-35.21,77.0,78,0,11.41,BR,1599525025
Haverfordwest,51.8,-4.97,61.0,100,90,14.99,GB,1599524931
Dikson,73.51,80.55,42.98,78,87,23.67,RU,1599525026
Russell,32.35,-85.2,82.4,73,1,4.16,US,1599525027
Bukoba,-1.33,31.81,67.55,83,88,3.98,TZ,1599525027
Nyrob,60.73,56.72,48.83,96,100,4.0,RU,1599525027
Prince Rupert,54.32,-130.32,66.2,63,1,8.05,CA,1599525028
Airai,-8.93,125.41,74.1,44,93,5.41,TL,1599525029
Severo-Kuril'sk,50.68,156.12,55.83,86,86,12.55,RU,1599525029
Progreso,21.28,-89.67,84.99,66,75,4.7,MX,1599525029
Rome,43.21,-75.46,75.2,50,90,8.05,US,1599524757
Mahébourg,-20.41,57.7,69.8,100,20,4.7,MU,1599525030
Longyearbyen,78.22,15.64,37.4,74,40,2.8,SJ,1599525030
Castro,-24.79,-50.01,65.07,66,88,4.25,BR,1599525031
Sharjah city,25.36,55.4,89.6,66,0,3.36,AE,1599525031
Kualakapuas,-3.01,114.39,78.8,88,40,2.24,ID,1599525032
Yaviza,8.15,-77.69,74.84,94,98,1.36,PA,1599525033
Yakeshi,49.28,120.73,61.63,74,100,13.29,CN,1599525033
Zaraysk,54.77,38.88,59.7,45,99,12.24,RU,1599525033
Baley,51.6,116.63,59.59,67,0,4.81,RU,1599525034
Fortuna,40.6,-124.16,68.0,64,1,8.05,US,1599525034
Zhezkazgan,47.8,67.71,50.0,53,1,6.71,KZ,1599525035
Miranda,3.25,-76.23,75.2,64,75,6.93,CO,1599525035
Bobo-Dioulasso,11.18,-4.3,75.2,94,100,3.69,BF,1599525036
Cherskiy,68.75,161.3,46.71,60,0,14.88,RU,1599525036
Leningradskiy,69.38,178.42,42.42,70,6,15.5,RU,1599525037
Igarka,67.47,86.58,46.06,75,84,2.53,RU,1599525037
Halifax,44.65,-63.57,62.01,95,0,1.99,CA,1599525032
Conceição das Alagoas,-19.91,-48.39,84.2,17,29,3.36,BR,1599525038
Harper,4.38,-7.72,76.68,88,94,10.87,LR,1599525038
Zhigansk,66.77,123.37,45.59,70,0,13.33,RU,1599525039
Santa Fe,-31.63,-60.7,61.0,60,0,1.99,AR,1599524966
Pisco,-13.7,-76.22,61.0,77,0,13.87,PE,1599525039
Chodavaram,17.83,82.95,80.6,94,40,2.24,IN,1599525040
Vung Tau,10.35,107.08,82.31,80,23,8.41,VN,1599524890
Esperance,-33.87,121.9,46.4,100,75,10.29,AU,1599525040
Nikolskoye,59.7,30.79,50.0,93,96,3.53,RU,1599525041
Pozo Colorado,-23.49,-58.8,63.64,80,100,7.29,PY,1599525041
Souillac,-20.52,57.52,69.8,100,20,4.7,MU,1599525042
Molepolole,-24.41,25.5,55.4,53,0,2.24,BW,1599525042
Bunia,1.57,30.25,61.09,93,49,2.35,CD,1599525043
Porangatu,-13.44,-49.15,76.82,28,0,1.9,BR,1599525043
Iqaluit,63.75,-68.51,37.4,86,20,3.36,CA,1599525044
Gallup,35.53,-108.74,89.6,6,1,9.17,US,1599525044
Cockburn Town,21.46,-71.14,83.19,77,29,13.38,TC,1599525045
Katangli,51.71,143.23,57.79,80,100,4.7,RU,1599525045
Ruidoso,33.33,-105.67,84.0,17,1,5.82,US,1599524983
Avera,33.19,-82.53,80.6,69,75,3.36,US,1599525046
Rocha,-34.48,-54.33,45.97,92,52,3.85,UY,1599525046
Panabá,21.28,-88.27,78.64,80,99,7.2,MX,1599525047
Tirat Carmel,32.76,34.97,78.94,84,0,5.37,IL,1599525048
Waddān,29.16,16.14,75.72,36,0,10.13,LY,1599525048
São João da Barra,-21.64,-41.05,73.33,87,51,18.59,BR,1599525048
Byron Bay,-28.65,153.62,70.0,68,91,9.17,AU,1599524928
Grindavik,63.84,-22.43,44.6,93,90,5.82,IS,1599525049
Sola,-13.88,167.55,82.4,78,90,5.82,VU,1599525049
Peterhead,57.51,-1.8,60.8,63,100,18.34,GB,1599525050
Oddur,4.12,43.89,70.41,69,73,15.82,SO,1599525050
Hambantota,6.12,81.12,80.8,79,100,16.6,LK,1599525051
Kamsack,51.57,-101.9,42.8,52,90,11.41,CA,1599525051
Lebu,-37.62,-73.65,47.95,90,100,9.75,CL,1599525052
Pimenteiras,-6.25,-41.42,74.53,35,0,5.53,BR,1599525052
Sokoni,-6.43,39.55,69.8,94,20,9.15,TZ,1599525053
Krasnovishersk,60.41,57.08,48.79,96,100,4.07,RU,1599525053
San Quintín,30.48,-115.95,78.71,60,0,6.26,MX,1599525053
Flin Flon,54.77,-101.86,44.6,56,90,12.75,CA,1599525054
Smithers,54.78,-127.17,66.2,34,40,4.7,CA,1599525054
Lukulu,-14.37,23.24,61.74,32,0,8.77,ZM,1599525055
Snåase,64.25,12.38,51.21,84,100,6.91,NO,1599525055
Balkhash,46.84,74.98,55.72,51,0,4.07,KZ,1599525056
Codrington,-38.27,141.97,60.48,72,60,9.04,AU,1599525056
Kysyl-Syr,63.9,122.76,50.16,64,0,4.23,RU,1599525057
Leona Vicario,20.97,-87.19,82.4,78,40,3.36,MX,1599525057
Shirokiy,49.76,129.52,60.78,94,100,13.38,RU,1599525058
Rosarito,32.33,-117.03,82.4,54,40,10.29,MX,1599525058
Isangel,-19.55,169.27,77.0,83,90,5.82,VU,1599525059
Ahipara,-35.17,173.17,58.78,58,7,7.07,NZ,1599525059
Walvis Bay,-22.96,14.51,55.99,87,0,9.17,NA,1599524930
Nantucket,41.28,-70.1,64.4,88,1,6.93,US,1599525060
Vila Velha,-20.33,-40.29,77.0,83,40,10.29,BR,1599524775
Nānākuli,21.39,-158.15,87.01,58,75,11.41,US,1599525061
Escuinapa,22.85,-105.8,86.0,74,40,10.29,MX,1599525061
Altamont,42.21,-121.74,93.2,14,1,18.34,US,1599525011
Tecolutla,20.48,-97.02,82.4,78,75,6.93,MX,1599525062
Noumea,-22.28,166.46,73.0,68,90,17.22,NC,1599525062
Waliso,8.53,37.98,56.48,93,96,1.57,ET,1599525063
Faya,18.39,42.45,68.0,24,28,4.61,SA,1599525063
Kariba,-16.52,28.8,61.32,54,0,4.21,ZW,1599525064
Otradnoye,59.78,30.82,50.0,93,90,3.47,RU,1599525064
Cabo San Lucas,22.89,-109.91,84.99,69,20,8.05,MX,1599524801
Ystad,55.43,13.82,59.0,77,90,12.75,SE,1599525065
Gagnoa,6.13,-5.94,71.85,98,92,4.68,CI,1599525065
Bāndarban,22.2,92.23,79.03,87,100,1.99,BD,1599525066
Talara,-4.58,-81.27,62.31,87,64,13.35,PE,1599525066
Tilichiki,60.47,166.1,49.03,69,100,9.75,RU,1599525067
Dunedin,-45.87,170.5,51.01,70,0,11.01,NZ,1599525010
Ban Nahin,18.24,104.21,82.15,81,89,1.81,LA,1599525067
Zhanakorgan,43.91,67.25,58.86,33,0,11.81,KZ,1599525068
Klaksvík,62.23,-6.59,51.8,87,28,25.28,FO,1599525068
Asifābād,19.37,79.28,78.26,88,87,2.98,IN,1599525069
Murgab,37.5,61.97,59.0,37,0,7.14,TM,1599525069
Acapulco de Juárez,16.86,-99.89,84.2,79,40,6.93,MX,1599525070
Oussouye,12.48,-16.55,80.6,88,20,9.17,SN,1599525070
Kavieng,-2.57,150.8,85.62,71,39,13.04,PG,1599525070
Fairbanks,64.84,-147.72,68.0,32,90,19.46,US,1599525032
Aswān,24.09,32.91,91.26,21,0,14.58,EG,1599525071
Jumla,29.27,82.18,58.87,64,19,2.86,NP,1599525071
Alibag,18.64,72.88,80.6,94,75,4.7,IN,1599525072
Guangming,45.33,122.78,63.79,77,100,25.12,CN,1599525072
Biltine,14.53,20.92,78.85,67,98,6.04,TD,1599525073
Ilorin,8.5,4.55,72.37,88,96,5.28,NG,1599525073
Devils Lake,48.11,-98.87,48.2,42,40,13.87,US,1599525008
Lagoa,39.05,-27.98,70.14,80,56,19.91,PT,1599525074
Zandvoort,52.37,4.53,61.0,82,40,11.41,NL,1599525051
Pangnirtung,66.15,-65.71,38.88,72,0,1.77,CA,1599525074
Synya,65.37,58.04,55.27,91,84,10.31,RU,1599525075
Płońsk,52.62,20.38,50.0,100,0,5.82,PL,1599525075
Choix,26.71,-108.32,81.66,73,60,3.2,MX,1599525076
Koulikoro,14.0,-7.75,75.7,81,0,8.28,ML,1599525076
San Rafael,-34.62,-68.33,59.13,47,47,13.51,AR,1599525077
Bethel,41.37,-73.41,70.0,73,1,3.36,US,1599525077
Sitka,57.05,-135.33,57.2,93,90,3.36,US,1599524795
West Bay,19.37,-81.42,80.6,100,75,6.64,KY,1599525078
Filingué,14.35,3.32,80.94,70,11,7.99,NE,1599525078
Saskylakh,71.92,114.08,49.41,58,56,10.07,RU,1599525078
Mēga,4.05,38.3,57.06,92,49,14.54,ET,1599525079
Van,38.49,43.38,51.8,62,0,4.81,TR,1599525079
Lochmaben,55.13,-3.44,59.0,100,26,19.46,GB,1599525080
Lavrentiya,65.58,-171.0,45.12,68,98,22.03,RU,1599525080
Angoram,-4.06,144.07,89.55,57,2,3.96,PG,1599525081
Bow Island,49.87,-111.37,50.0,48,90,14.99,CA,1599525081
Mount Gambier,-37.83,140.77,57.2,87,75,12.75,AU,1599525082
Rantepao,-2.97,119.9,70.38,87,100,0.78,ID,1599525082
Omboué,-1.57,9.26,74.55,83,100,8.43,GA,1599525083
Adamovka,51.52,59.94,53.2,81,0,5.91,RU,1599525083
Ambon City,-3.7,128.18,81.0,94,75,9.17,ID,1599525084
Aklavik,68.22,-135.01,48.2,93,75,4.7,CA,1599525084
Tasiilaq,65.61,-37.64,37.4,86,12,8.05,GL,1599525085
Norman Wells,65.28,-126.83,57.2,62,75,4.7,CA,1599525085
Hofn,64.25,-15.21,46.35,59,0,16.55,IS,1599525086
San Patricio,19.22,-104.7,86.0,74,75,4.97,MX,1599525086
Kapoeta,4.77,33.59,68.52,87,67,3.11,SS,1599525087
Brownsville,25.9,-97.5,86.0,74,1,9.17,US,1599525087
Jijiga,9.35,42.8,62.71,76,90,12.66,ET,1599525087
Palmer,42.16,-72.33,69.8,73,75,8.05,US,1599525088
Caravelas,-17.71,-39.25,70.56,84,14,5.5,BR,1599525089
Padang,-0.95,100.35,80.62,73,0,3.58,ID,1599525089
Ambilobe,-13.2,49.05,66.34,84,44,3.04,MG,1599525090
Acaraú,-2.89,-40.12,77.67,83,17,16.02,BR,1599525090
Saint George,37.1,-113.58,100.99,8,1,16.11,US,1599525058
Nizhniy Chir,48.36,43.09,62.76,87,0,7.29,RU,1599525090
Alyangula,-13.85,136.42,82.4,54,49,10.31,AU,1599525091
Morros,-9.45,-46.3,75.79,37,0,5.88,BR,1599525091
Berbera,10.44,45.01,88.32,61,79,2.84,SO,1599525092
Hay River,60.82,-115.8,55.4,54,90,14.99,CA,1599525092
Umm Kaddadah,13.6,26.69,81.54,52,91,7.49,SD,1599525093
Bandarbeyla,9.49,50.81,74.71,81,78,24.99,SO,1599525093
Vardø,70.37,31.11,51.53,83,87,11.86,NO,1599524775
Pangai,-19.8,-174.35,71.6,88,40,5.82,TO,1599525094
Jõhvi,59.36,27.42,50.4,90,25,6.67,EE,1599525094
Nome,64.5,-165.41,55.4,76,75,11.41,US,1599525095
Olinda,-8.01,-34.86,77.0,73,40,11.41,BR,1599525095
Jieshi,22.81,115.83,81.75,82,92,10.22,CN,1599525095
Jutaí,-5.18,-68.9,80.56,53,5,2.01,BR,1599525096
San Michele al Tagliamento,45.76,12.99,66.0,76,0,1.01,IT,1599525096
Sobolevo,54.43,31.9,51.8,95,100,6.67,RU,1599525097
General Roca,-39.03,-67.58,55.4,62,0,3.36,AR,1599525098
Tura,25.52,90.22,74.8,97,100,3.67,IN,1599525098
Coquimbo,-29.95,-71.34,53.6,87,98,10.29,CL,1599525098
Kinkala,-4.36,14.76,72.61,78,52,7.16,CG,1599525099
Balkanabat,39.51,54.37,73.02,18,65,15.41,TM,1599525099
Praia,14.92,-23.51,78.8,83,75,5.82,CV,1599525099
Sigli,5.38,95.96,80.06,77,91,5.35,ID,1599525100
La Salle,41.33,-89.09,73.4,64,90,9.17,US,1599524896
West Wendover,40.74,-114.07,93.2,6,1,23.04,US,1599525101
Kawalu,-7.38,108.21,75.15,83,85,3.18,ID,1599525101
Maïné Soroa,13.21,12.02,82.62,57,77,7.78,NE,1599525101
Mapiripán,2.89,-72.13,77.74,80,100,3.74,CO,1599525102
Ankazobe,-18.32,47.12,53.6,87,40,8.05,MG,1599525102
Itacarambi,-15.1,-44.09,71.56,38,0,2.08,BR,1599525102
Kachīry,53.07,76.1,45.63,91,98,10.07,KZ,1599525103
Beba,22.44,-79.73,75.2,94,40,3.36,CU,1599525103
Salalah,17.02,54.09,78.8,88,75,6.93,OM,1599525104
Touros,-5.2,-35.46,75.2,83,0,6.93,BR,1599525104
Nara,34.69,135.8,87.01,74,75,4.7,JP,1599524840
Novikovo,51.15,37.89,59.74,39,0,5.48,RU,1599525105
Gorgan,36.84,54.43,73.4,73,76,11.41,IR,1599525105
Beira,-19.84,34.84,66.87,76,0,3.6,MZ,1599525105
Twentynine Palms,34.14,-116.05,105.8,6,90,18.34,US,1599525106
Novonikolsk,43.85,131.86,69.8,88,75,17.9,RU,1599525107
Fraga,41.52,0.35,64.99,82,0,10.29,ES,1599525107
Yulara,-25.24,130.99,82.4,14,0,6.93,AU,1599525107
Moerai,-22.43,-151.33,70.61,81,99,14.79,PF,1599525108
Sawākin,19.11,37.33,87.55,69,0,1.97,SD,1599525108
Yerbogachën,61.28,108.01,52.27,72,0,5.23,RU,1599525108
Naze,28.37,129.48,84.2,74,20,3.36,JP,1599525109
La Santisima Trinidad,-14.83,-64.9,83.48,42,85,6.02,BO,1599524850
Mirny,62.54,113.96,41.0,100,90,8.95,RU,1599525109
Tessalit,20.2,1.01,91.22,25,0,6.53,ML,1599525110
Teluknaga,-6.1,106.64,84.99,69,20,5.82,ID,1599525110
Biak,-0.91,122.88,80.2,79,81,6.04,ID,1599525111
Bongandanga,1.5,21.05,69.15,98,92,1.39,CD,1599525111
Camopi,3.17,-52.32,73.81,96,0,3.27,GF,1599525111
Laas,46.62,10.7,48.2,100,5,3.36,IT,1599525112
Sarana,56.48,57.73,49.66,90,0,2.44,RU,1599525112
Abu Samrah,35.3,37.18,75.11,24,0,3.38,SY,1599525113
Thanh Hoa,19.8,105.77,79.29,89,100,2.71,VN,1599525113
Cartagena,10.4,-75.51,84.2,79,75,10.29,CO,1599524909
Saint-Pierre,-21.34,55.48,66.2,93,75,5.82,RE,1599525114
Arraial do Cabo,-22.97,-42.03,73.4,88,40,9.17,BR,1599525114
Coolidge,32.98,-111.52,106.0,19,1,18.34,US,1599525114
Lompoc,34.64,-120.46,73.4,64,1,9.17,US,1599525060
Snyder,32.72,-100.92,93.2,30,6,13.87,US,1599525115
Mayor Pablo Lagerenza,-19.93,-60.77,70.43,58,100,10.85,PY,1599525115
Madimba,-10.4,40.33,69.12,89,29,8.32,TZ,1599525115
Graciano Sánchez,23.92,-99.28,89.6,43,40,6.93,MX,1599525116
Belyy Yar,53.6,91.39,42.8,100,90,2.24,RU,1599525116
Sovetskiy,61.36,63.58,45.16,62,99,4.76,RU,1599525117
Necochea,-38.55,-58.74,44.01,87,0,7.0,AR,1599525117
Kislovodsk,43.91,42.72,62.6,88,1,6.71,RU,1599525117
Shache,38.42,77.24,63.79,24,0,6.91,CN,1599525118
Malinovka,53.86,27.44,48.2,100,3,6.71,BY,1599525118
Abu Kamal,34.45,40.92,83.37,17,0,4.18,SY,1599525119
Itarema,-2.92,-39.92,78.01,81,2,15.93,BR,1599525119
Pyaozerskiy,65.83,31.17,46.11,93,3,6.33,RU,1599525120
Taoudenni,22.68,-3.98,98.91,18,89,11.25,ML,1599525120
Vélingara,13.15,-14.12,73.31,97,99,4.74,SN,1599525121
Arlit,18.74,7.39,91.63,30,100,5.61,NE,1599525121
Curup,-3.47,102.53,75.47,63,11,3.87,ID,1599525122
Loudéac,48.18,-2.75,57.99,10,58,1.32,FR,1599525122
Aksarka,66.56,67.8,48.88,58,100,11.07,RU,1599525123
Shubarshi,48.59,57.19,57.63,51,0,6.64,KZ,1599525123
Berezovyy,51.67,135.7,63.81,66,100,7.36,RU,1599525124
Waingapu,-9.66,120.26,83.53,58,100,12.8,ID,1599525124
Fernie,49.5,-115.07,57.2,39,75,9.17,CA,1599525124
Presidencia Roque Sáenz Peña,-26.79,-60.44,56.44,83,0,7.09,AR,1599525125
Leirvik,59.78,5.5,54.0,87,100,4.0,NO,1599525126
Grootfontein,-19.57,18.12,58.8,34,0,7.99,NA,1599525126
Bilma,18.69,12.92,91.92,22,37,11.65,NE,1599525126
Iaçu,-12.77,-40.21,70.14,84,36,5.75,BR,1599525127
Kumul,42.8,93.45,68.56,39,37,3.24,CN,1599525127
Harstad,68.8,16.53,53.6,76,100,14.99,NO,1599525128
Kampong Thom,12.71,104.89,82.89,76,100,4.23,KH,1599525128
Verkhnevilyuysk,63.45,120.32,50.92,62,14,3.02,RU,1599525129
Būlaevo,54.91,70.44,39.42,96,19,9.35,KZ,1599525129
Camacha,33.08,-16.33,71.6,83,40,2.24,PT,1599525130
Sakakah,29.97,40.21,86.0,11,0,3.36,SA,1599525130
Elizabeth City,36.29,-76.25,73.99,83,100,6.49,US,1599525081
Tondano,1.3,124.91,82.4,78,20,1.12,ID,1599525131
Bathsheba,13.22,-59.52,80.6,83,20,8.05,BB,1599525131
Ahualulco del Sonido Trece,22.4,-101.17,73.4,46,75,6.93,MX,1599525131
Novy Urengoy,66.08,76.63,47.68,67,70,5.44,RU,1599525132
Laguna,38.42,-121.42,104.0,15,75,3.36,US,1599525132
Hamilton,39.18,-84.53,81.0,69,1,5.82,US,1599525131
Portland,45.52,-122.68,87.01,31,0,7.0,US,1599525045
Tandil,-37.32,-59.13,42.91,80,7,6.85,AR,1599524931
Kondopoga,62.21,34.26,42.8,100,32,3.42,RU,1599525133
Salatiga,-7.33,110.49,80.6,88,4,4.7,ID,1599525133
Luk Pu,23.17,112.28,84.99,99,100,2.13,CN,1599525134
Wanning,18.8,110.4,86.02,76,100,7.09,CN,1599525134
Trelew,-43.25,-65.31,60.21,41,100,21.65,AR,1599525135
La Antigua,6.72,-76.08,60.31,97,100,2.55,CO,1599525135
Kaniama,-7.57,24.18,70.99,51,33,1.52,CD,1599525135
Raudeberg,61.99,5.14,53.01,91,100,34.02,NO,1599525136
Río Cuarto,-33.13,-64.35,50.0,71,0,11.41,AR,1599525136
Champerico,14.3,-91.92,77.0,94,90,4.7,GT,1599525137
Ostrovnoy,68.05,39.51,49.5,86,99,12.53,RU,1599525137
Yar-Sale,66.83,70.83,49.55,68,100,10.71,RU,1599524773
Youkounkoun,12.53,-13.13,73.45,97,100,5.35,GN,1599525138
Lindsay,36.2,-119.09,102.2,27,1,4.7,US,1599525138
Olafsvik,64.89,-23.71,46.53,80,96,12.86,IS,1599525139
Atasū,48.68,71.64,48.47,69,5,5.44,KZ,1599525139
Innisfail,-17.53,146.03,66.0,93,33,8.01,AU,1599525139
Saint-Ambroise,48.55,-71.33,69.8,64,90,12.75,CA,1599525140
Pontianak,-0.03,109.33,77.09,92,95,4.27,ID,1599525140
Mount Isa,-20.73,139.5,80.6,30,0,16.11,AU,1599525071
Vila,42.03,-8.16,71.6,49,48,4.7,PT,1599525141
Gewanē,10.17,40.65,80.26,55,27,12.59,ET,1599525142
Parintins,-2.63,-56.74,79.32,69,36,0.6,BR,1599525142
Auki,-8.77,160.7,84.9,68,37,4.79,SB,1599525143
Cidreira,-30.18,-50.21,58.12,95,100,14.79,BR,1599524536
Quijingue,-10.75,-39.21,67.71,94,48,7.43,BR,1599525143
Malbork,54.04,19.03,48.99,100,19,8.46,PL,1599525143
Meulaboh,4.14,96.13,77.92,86,100,2.53,ID,1599525144
Palma de Mallorca,39.57,2.65,64.0,88,8,3.36,ES,1599525144
Kristiansund,63.11,7.73,53.6,81,95,33.33,NO,1599524947
Mukhtolovo,55.46,43.2,57.31,59,98,7.25,RU,1599525145
Jhang,33.67,72.7,73.99,94,0,3.78,PK,1599525145
Lüderitz,-26.65,15.16,63.19,55,0,4.92,NA,1599525146
Altus,34.64,-99.33,89.6,33,1,10.29,US,1599524901
Manzanillo,20.34,-77.12,75.7,90,100,8.08,CU,1599525146
Fort Nelson,58.81,-122.7,62.6,45,90,4.7,CA,1599525147
Khani,41.96,42.96,68.0,94,40,3.36,GE,1599525147
Gravdal,68.12,13.5,52.61,83,100,21.88,NO,1599525147
Miastko,54.0,16.98,48.99,90,99,10.0,PL,1599525148
Mogocha,53.73,119.77,65.79,61,0,3.33,RU,1599525148
Nosy Varika,-20.58,48.53,65.26,91,13,6.24,MG,1599525149
Mossamedes,-15.2,12.15,66.4,89,0,2.75,AO,1599525149
La Libertad,-2.23,-80.9,73.4,78,75,13.87,EC,1599525150
Pochutla,15.74,-96.47,77.0,88,70,4.0,MX,1599525150
Węgrów,52.4,22.02,51.01,74,0,5.77,PL,1599525150
Wukari,7.85,9.78,72.57,97,100,3.33,NG,1599525151
Kincardine,56.07,-3.72,57.99,87,75,11.41,GB,1599525151
Ust'-Ilimsk,58.0,102.66,54.14,82,100,3.98,RU,1599525151
Eenhana,-17.47,16.33,73.4,27,0,8.05,NA,1599525152
Vaitape,-16.52,-151.75,78.84,76,0,13.27,PF,1599525152
Jieshou,33.26,115.36,79.72,60,0,3.51,CN,1599525153
Isla Mujeres,21.23,-86.73,82.4,78,40,3.36,MX,1599525154
Capreol,46.71,-80.92,55.0,66,75,6.93,CA,1599525154
Atar,20.52,-13.05,92.23,39,96,7.54,MR,1599525154
Ratnagiri,16.98,73.3,77.61,87,100,4.72,IN,1599525155
Kutum,14.2,24.67,70.83,69,100,14.07,SD,1599525155
Bonthe,7.53,-12.51,76.41,90,100,7.7,SL,1599525155
Fethiye,36.62,29.12,71.6,78,0,3.36,TR,1599525156
Brae,60.4,-1.35,53.6,93,99,23.04,GB,1599525156
Gorom-Gorom,14.44,-0.24,80.56,69,0,14.32,BF,1599525157
Eureka,40.8,-124.16,66.0,77,1,8.05,US,1599525101
Megion,61.03,76.11,41.0,93,20,6.78,RU,1599525157
Dillon,34.42,-79.37,72.0,82,1,6.46,US,1599525158
Preobrazheniye,42.9,133.91,68.05,86,99,16.69,RU,1599525158
Faanui,-16.48,-151.75,77.99,78,0,13.4,PF,1599525158
Kahramanmaraş Province,38.0,37.0,77.0,65,0,4.7,TR,1599525159
Kalmunai,7.42,81.82,81.09,74,100,2.15,LK,1599525131
Kokopo,-4.35,152.26,86.04,65,0,10.42,PG,1599525159
Estelle,29.85,-90.11,86.0,70,1,5.82,US,1599525160
Kisangani,0.52,25.2,69.33,97,13,1.63,CD,1599525160
Standerton,-26.93,29.24,48.99,86,0,4.72,ZA,1599525160
Hobyo,5.35,48.53,75.58,81,100,19.69,SO,1599525161
Pedernales,18.04,-71.74,82.4,83,40,11.41,DO,1599525161
Rahimatpur,17.6,74.2,73.96,87,100,1.81,IN,1599525162
Bayir,37.27,28.22,66.2,77,0,3.51,TR,1599525163
Ilulissat,69.22,-51.1,37.4,86,72,9.17,GL,1599525163
São José da Coroa Grande,-8.9,-35.15,73.92,77,0,7.4,BR,1599525163
Aquin,18.28,-73.4,80.49,74,100,2.51,HT,1599525164
Aloleng,16.13,119.78,84.09,75,51,6.31,PH,1599525164
Wanxian,30.8,108.39,81.57,64,13,3.69,CN,1599525164
Hatillo,18.49,-66.83,75.99,93,13,4.0,PR,1599525165
Virovitica,45.83,17.38,61.0,78,0,2.89,HR,1599525165
Taft,31.75,54.21,73.4,20,0,4.7,IR,1599525166
Quatre Cocos,-20.21,57.76,72.0,100,20,4.7,MU,1599525166
Marshalltown,42.05,-92.91,63.0,51,90,13.87,US,1599525166
Henties Bay,-22.12,14.28,55.99,93,0,3.0,NA,1599525167
Gaspé,48.83,-64.48,66.2,59,90,9.17,CA,1599525167
Ulladulla,-35.35,150.47,71.6,46,99,6.93,AU,1599525168
Hong Kong,22.29,114.16,81.0,93,95,4.88,HK,1599525168
Nador,35.17,-2.93,75.2,83,20,8.05,MA,1599525169
Rovaniemi,66.5,25.72,48.2,100,90,10.29,FI,1599525001
Flinders,-34.58,150.86,64.99,67,76,17.0,AU,1599525169
Plavsk,53.71,37.29,61.18,41,100,12.59,RU,1599525169
Umluj,25.02,37.27,90.1,41,0,8.93,SA,1599525170
Mehamn,71.04,27.85,48.27,84,3,10.33,NO,1599525170
Colares,38.8,-9.45,73.0,30,0,8.99,PT,1599525170
Province of Mantua,45.17,10.78,66.99,86,14,6.26,IT,1599525064
Chebarkul',54.97,60.36,50.43,93,31,3.4,RU,1599525171
Tromsø,69.65,18.96,46.4,87,40,33.33,NO,1599525172
Los Boquerones,8.08,-80.85,75.54,91,100,6.46,PA,1599525172
Qaqortoq,60.72,-46.03,42.8,87,55,1.12,GL,1599525173
Beringovskiy,63.05,179.32,48.27,60,0,11.65,RU,1599525183
Miles City,46.41,-105.84,46.4,75,90,13.87,US,1599525183
San Cristobal,7.77,-72.22,84.2,58,40,5.82,VE,1599525184
Kanniyākumāri,8.08,77.57,79.77,82,82,13.82,IN,1599525184
Dali,25.7,100.18,65.52,76,95,1.52,CN,1599525184
Elblag,54.15,19.41,48.99,90,4,8.14,PL,1599525185
Minudasht,37.23,55.37,69.8,60,79,4.18,IR,1599525185
Sartana,47.17,37.7,66.99,100,0,5.99,UA,1599525186
Tahe,52.33,124.73,62.08,70,100,5.46,CN,1599525186
Saldus,56.66,22.49,47.32,95,0,5.55,LV,1599525186
Pangkalanbuun,-2.68,111.62,79.84,87,100,4.72,ID,1599525187
Sokolo,14.73,-6.12,78.76,72,29,1.86,ML,1599525187
Marsaxlokk,35.84,14.54,78.01,94,20,1.12,MT,1599525188
Roald,62.58,6.13,55.4,76,95,24.16,NO,1599525188
Muros,42.78,-9.06,64.99,67,26,3.0,ES,1599524776
Antofagasta,-23.65,-70.4,55.4,76,90,8.05,CL,1599525189
Akdepe,42.06,59.38,55.4,40,26,6.93,TM,1599525189
Lagos,6.58,3.75,77.0,88,20,3.36,NG,1599525016
Carupano,10.67,-63.26,79.18,84,100,6.31,VE,1599525190
Atbasar,51.8,68.33,42.1,90,2,5.14,KZ,1599525190
Celestún,20.87,-90.4,82.18,77,64,12.55,MX,1599525190
Opuwo,-18.06,13.84,60.1,53,0,4.63,NA,1599525191
Pāsighāt,28.07,95.33,75.85,87,100,1.54,IN,1599525191
Bridlington,54.08,-0.19,63.0,93,11,6.93,GB,1599525192
Skjervøy,70.03,20.97,52.2,73,100,17.9,NO,1599525192
Havøysund,71.0,24.66,53.6,66,100,14.99,NO,1599525192
Evensk,61.95,159.23,50.27,68,100,22.19,RU,1599525193
Boa Vista,2.82,-60.67,77.0,83,75,3.36,BR,1599525193
Kerema,-7.96,145.78,83.82,73,14,6.15,PG,1599525193
Ayní,39.39,68.54,60.04,34,0,4.21,TJ,1599525194
Batagay,67.63,134.63,45.82,78,100,4.32,RU,1599525194
Makakilo City,21.35,-158.09,87.8,58,75,11.41,US,1599525195
Itaituba,-4.28,-55.98,82.2,51,84,0.74,BR,1599525156
Kirakira,-10.45,161.92,82.89,76,100,8.25,SB,1599525195
Goshen,41.58,-85.83,73.4,60,75,10.29,US,1599524991
Roebourne,-20.78,117.13,86.72,26,0,6.58,AU,1599525196
Rio Grande,-32.03,-52.1,57.99,88,7,1.99,BR,1599524970
Talaya,61.38,152.75,44.92,79,100,8.48,RU,1599525196
Westport,41.14,-73.36,73.4,73,20,6.93,US,1599525036
Los Llanos de Aridane,28.66,-17.92,84.2,21,82,9.17,ES,1599525197
Maniitsoq,65.42,-52.9,40.37,71,91,6.76,GL,1599525197
Bucerías,20.75,-105.33,84.2,79,90,8.05,MX,1599525198
Bud,39.45,-86.18,80.6,69,75,8.05,US,1599525198
Kemijärvi,66.71,27.43,44.19,96,80,5.79,FI,1599525199
Kikwit,-5.04,18.82,76.62,63,0,1.92,CD,1599525199
Zambezi,-13.54,23.1,60.26,30,0,7.94,ZM,1599525199
Bara,10.37,10.73,73.02,91,97,5.99,NG,1599525207
Madingou,-4.15,13.55,72.7,83,4,4.43,CG,1599525212
Bacalar,18.67,-88.38,84.2,70,40,6.93,MX,1599525218
Garissa,-0.45,39.64,71.06,83,14,14.29,KE,1599525225
Dingle,11.0,122.67,84.83,75,100,4.12,PH,1599525231
Kudahuvadhoo,2.67,72.89,82.92,78,93,14.0,MV,1599525242
Okhotsk,59.38,143.3,60.98,52,0,16.4,RU,1599525242
Pacific Grove,36.62,-121.92,93.0,21,1,6.93,US,1599525242
Sørland,67.67,12.69,52.9,87,100,30.58,NO,1599525243
Gulu,2.77,32.3,61.47,98,100,3.87,UG,1599525243
Reyes,-14.32,-67.38,74.79,86,100,2.64,BO,1599525244
Port-Cartier,50.03,-66.87,54.0,100,90,6.93,CA,1599525244
Toktogul,41.87,72.94,58.42,36,3,1.07,KG,1599525245
Bima,-8.47,118.72,86.7,54,10,4.21,ID,1599525245
Santiago del Estero,-27.8,-64.26,64.22,53,80,6.96,AR,1599525074
Yabēlo,4.88,38.08,58.15,86,66,6.8,ET,1599525246
Sampang,-7.19,113.24,82.09,72,34,9.1,ID,1599525246
Antigonish,45.62,-62.0,62.01,84,0,9.55,CA,1599525247
